Menu Item,Price
Bacon Egg & Cheese Biscuit,4.49
Fruit & Maple Oatmeal,3.66
Bacon Egg & Cheese McGriddles® Meal,8.68
Sausage Egg & Cheese McGriddles® Meal,8.70
Hotcakes & Bacon,5.56
Sausage Burrito Meal,6.98
As Featured In Big Mac Meal,11.26
As Featured In QPC Meal,11.13
As Featured In 10 Piece McNuggets Meal,11.00
10 pc. Chicken McNuggets Meal,10.90
20 pc. Chicken McNuggets,9.12
10 pc. Chicken McNuggets,6.24
6 pc. Chicken McNuggets Meal,8.46
10 Piece McNuggets,5.61
10 Piece McNuggets Meal,10.49
40 pc. Chicken McNuggets,15.48
6 pc. Chicken McNuggets,4.43
4 pc. Chicken McNuggets,3.20
6 Piece McNuggets Meal,7.91
20 Piece McNuggets,8.32
4 Piece McNuggets,2.93
6 Piece McNuggets,4.03
40 McNuggets,14.23
50 Piece McNuggets,13.97
Crispy Buttermilk Chicken,5.65
Bacon Egg & Cheese McGriddles,4.71
6 Piece Glazed Buttermilk Crispy Chicken Tenders,7.03
10 Piece Glazed Buttermilk Crispy Chicken Tenders,11.19
Southern Style Chicken,4.11
Bacon BBQ Burger,6.57
Bacon Egg & Cheese Biscuit - Meal,7.11
McRib,4.35
Bacon BBQ Burger Meal,10.86
Double Bacon BBQ Burger,7.93
Egg McMuffin - Meal,7.82
Double Bacon BBQ Burger Meal,12.24
Sausage McMuffin with Egg,3.77
Sausage Egg & Cheese McGriddles,4.71
Spicy BBQ Chicken Sandwich Meal,8.71
Spicy BBQ Chicken Sandwich Meal Salad,8.12
6 Piece Spicy BBQ Glazed Chicken Tenders Meal,10.28
Snack Snickerdoodle Mcflurry,2.84
4 Piece Spicy BBQ Glazed Chicken Tenders Salad,7.49
Medium French Fries,2.77
6 Piece Spicy BBQ Glazed Chicken Tenders Salad,9.70
10 Piece Spicy BBQ Glazed Chicken Tenders Meal,14.74
Crispy Buttermilk Chicken Meal,9.45
10 Piece Spicy BBQ Glazed Chicken Tenders Salad,13.72
M Shamrock Shake,3.54
Oreo Shamrock McFlurry,3.65
Snickerdoodle Mcflurry,3.27
12 Donut Sticks,3.96
4 Piece Buttermilk Crispy Chicken Tenders Meal,7.58
4 Piece Spicy BBQ Glazed Chicken Tenders Meal,8.13
M&M McFlurry,3.11
Double Bacon Quarter Pounder with Cheese,8.95
Crispy Chicken Scratch Made Biscuit,3.86
Bacon Egg Cheese Biscuit,5.04
Sausage Egg McMuffin,4.79
Crispy Chicken Sandwich,5.01
Egg McMuffin,4.78
Spicy Crispy Chicken Sandwich,5.19
Sausage Biscuit with Egg,4.26
Big Mac,5.85
Double Bacon QPC,8.18
Double Quarter With Cheese,6.61
Sausage Egg Biscuit,4.98
Bacon Big Mac,6.61
Sausage Biscuit,2.33
Quarter Pounder with Cheese,6.00
Double Quarter Pounder with Cheese,7.86
Deluxe Crispy Chicken Sandwich,5.87
Sausage Egg Cheese McGriddle,5.51
Spicy Deluxe Crispy Chicken Sandwich,6.01
Southern Chicken Biscuit,2.99
Cheeseburger,2.20
McChicken Biscuit,2.71
Buttermilk Chicken Biscuit - Crispy,3.06
Spicy BBQ Chicken Sandwich,5.49
4 Piece Spicy BBQ Glazed Chicken Tenders,4.92
Biscuit,1.74
McCrispy,5.66
Steak and Egg McMuffin,6.38
6 Piece Spicy BBQ Glazed Chicken Tenders,7.14
Double Cheeseburger,3.34
Egg Biscuit,3.04
Artisan Grilled Chicken Sandwich,7.26
Sausage Egg Cheese Biscuit,5.38
Triple Cheeseburger,4.51
Egg Cheese Biscuit,3.82
Buttermilk Crispy Chicken Sandwich,7.26
Steak Biscuit,4.36
10 Piece Spicy BBQ Glazed Chicken Tenders,11.53
Filet O Fish,5.23
Sausage McMuffin,2.42
Hot N Spicy McChicken,2.27
10 Piece Chicken McNuggets®,6.72
Crispy Chicken Biscuit,4.30
Crispy Chicken McGriddle,4.36
Bacon QPC,6.74
Bacon Quarter Pounder with Cheese,7.44
Egg White Delight,3.89
Steak Egg Cheese Biscuit,6.49
20 Piece Chicken McNuggets®,6.99
Bacon Egg Cheese McMuffin,4.96
Hamburger,1.91
Bacon Egg Cheese McGriddle,5.35
Steak and Egg McMuffin,6.38
"Steak, Egg and Cheese McGriddles",6.77
Double Bacon Quarter Pounder with Cheese and Bacon,9.54
Crispy Chicken McMuffin,4.16
Deluxe Quarter Cheese,5.82
Quarter Pounder with Cheese Deluxe,6.86
Sausage McGriddles,3.29
Homestyle Burger,4.83
Double Hamburger,2.94
Deluxe Double Quarter Cheese,7.91
McDouble,2.97
Double Quarter Pounder with Cheese Deluxe,8.85
Hot and Spicy McChicken McGriddle,2.97
Chicken McGriddles,2.68
Chicken McGriddle,3.16
Sausage McGriddle,3.63
Sausage Burrito,2.46
Steak Egg Cheese McGriddle,6.57
Cheesy Jalapeno Sausage Egg Biscuit,5.74
Bacon Egg Cheese Bagel,5.51
Grilled Artisan Chicken,5.64
Bacon Ranch Deluxe McCrispy,7.80
Sausage Egg Cheese Bagel,6.36
Cheesy Jalapeno Bacon Egg and Cheese Biscuit,5.67
Deluxe McCrispy,6.49
Cheesy Jalapeno Egg McMuffin,5.47
Double Filet O Fish,6.88
Steak Egg Cheese Bagel,6.35
4 Piece Buttermilk Crispy Chicken Tenders,4.74
Cheesy Jalapeno Sausage Egg McMuffin,5.38
Steak Egg Biscuit,6.09
10 Piece Buttermilk Crispy Chicken Tenders,11.52
"Steak, Egg and Cheese McGriddles",6.77
6 Piece Buttermilk Crispy Chicken Tenders,6.97
Spicy McCrispy,5.87
Daily Double,3.86
Deluxe Spicy McCrispy,6.75
Cheesy Jalapeno and Bacon Quarter Pounder with Cheese,8.35
McChicken,2.44
Bagel,2.20
Steak Egg McMuffin,6.40
Hot and Spicy McChicken,2.67
Double Cheesy Jalapeno and Bacon Quarter Pounder with Cheese,9.91
4 Piece Glazed Buttermilk Crispy Chicken Tenders,4.88
Ranch Snack Wrap - Crispy,2.39
Ranch Snack Wrap - Grilled,2.44
6 Piece Spicy McNuggets,3.70
Ranch Snack Wrap - Chicken Tender,2.46
Bacon McDouble,3.82
10 Piece Spicy McNuggets,5.67
20 Piece Spicy McNuggets,8.11
Double Cheesy Jalapeno Bacon QPC,9.93
40 Piece Spicy McNuggets,14.71
English McMuffin,1.98
Classic Chicken Sandwich,4.25
Crispy Chicken Sandwich Meal,8.94
McRib - Side Salad Meal,6.86
Double Bacon Quarter Pounder with Cheese Meal,13.11
McRib Meal,7.45
Bacon QPC Meal - Salad,8.82
Big Mac Meal,10.12
Double Bacon QPC - Salad,10.17
Double Bacon QPC Meal,11.53
Hot 'N Spicy McChicken Meal,5.89
Sausage Biscuit Meal,4.32
Sausage Biscuit with Egg - Meal,6.92
Crispy Chicken Biscuit Meal,7.08
Spicy Crispy Chicken Sandwich Meal,9.19
Spicy Chicken Sandwich Meal,9.06
Sausage Egg McMuffin Meal,7.67
Bacon Egg Cheese McGriddle Meal,8.57
Deluxe Crispy Chicken Sandwich Meal,9.78
Double Bacon Quarter Pounder with Cheese and Bacon Meal,13.58
McChicken Biscuit Meal,5.59
Sausage Egg Biscuit Meal,8.07
Triple Cheeseburger Meal,8.38
Hot 'N Spicy McChicken Meal,5.89
Double Quarter Pounder with Cheese Deluxe Meal,13.10
Bacon Big Mac - Salad,8.81
Buttermilk Chicken Biscuit Meal,5.16
Steak Biscuit Meal,7.38
Spicy Deluxe Crispy Chicken Sandwich Meal,9.94
Crispy Chicken McGriddle Meal,7.03
Sausage McMuffin Meal,5.23
Bacon Big Mac Meal,10.15
Quarter Pounder With Cheese Meal,10.05
Chicken McGriddle Meal,6.28
2 Cheeseburger Meal,8.35
Crispy Chicken McMuffin Meal,7.09
Steak Egg Cheese McGriddle Meal,9.72
Bacon Egg & Cheese McGriddle - Meal,6.42
Bacon Egg Cheese Biscuit Meal,8.16
Bacon Quarter Pounder with Cheese Meal,11.70
Quarter Cheese Deluxe Meal,8.97
Smoky BLT Quarter Pounder with Cheese,11.80
Bacon QPC Meal,10.31
Double Quarter Cheese Deluxe Meal,12.07
Double Quarter Pounder With Cheese Meal,11.60
Bacon Egg Cheese McMuffin Meal,7.85
Double Smoky BLT Quarter Pounder with Cheese,13.24
Quarter Pounder with Cheese Deluxe Meal,11.19
Sausage Egg Cheese Biscuit Meal,8.09
Cheesy Jalapeno Sausage Egg Biscuit Meal,8.87
Hot And Spicy McChicken Meal,6.47
Deluxe Spicy McCrispy Meal,10.90
Egg White Delight - Meal,5.86
Double Cheeseburger Meal,6.95
Quarter Cheese Deluxe - Side Salad Meal,8.27
Cheesy Jalapeno Bacon Egg and Cheese Biscuit Meal,8.94
2 Sausage Burrito Meal,7.45
Bacon Egg & Cheese Bagel - Meal,6.53
Hot and Spicy McChicken McGriddle Meal,6.09
Bacon Ranch Deluxe McCrispy Meal,11.56
Chicken McGriddle - Medium Meal,4.91
Sausage Egg Cheese Bagel Meal,9.66
Cheesy Jalapeno Egg McMuffin Meal,8.89
Sausage Egg Cheese McGriddle Meal,8.66
Double Quarter Cheese Deluxe - Side Salad Meal,9.69
McDouble Meal,6.62
Double Filet O Fish Meal,10.73
Cheesy Jalapeno Sausage Egg McMuffin Meal,8.77
Chicken McGriddles Meal,6.61
Bacon Egg Cheese Bagel Meal,9.61
McCrispy Meal,9.88
Hot N Spicy McChicken Biscuit,3.86
Grilled Artisan Chicken Meal,9.23
Steak Egg Biscuit Meal,9.14
Steak Egg Cheese Bagel Meal,10.53
Bacon Ranch McCrispy Meal,10.80
Egg Biscuit Meal,6.08
Steak Egg Cheese Biscuit Meal,9.53
Cheesy Jalapeno and Bacon Quarter Pounder with Cheese Meal,12.44
Egg Cheese Biscuit Meal,6.67
Spicy McCrispy Meal,10.08
6 Piece Buttermilk Crispy Chicken Tenders Meal,9.70
Filet O Fish Meal,9.47
Steak Egg McMuffin Meal,9.50
Double Cheesy Jalapeno and Bacon Quarter Pounder with Cheese Meal,13.90
Homestyle Burger Meal,8.76
10 Piece Buttermilk Crispy Chicken Tenders Meal,13.82
Deluxe McCrispy Meal,10.70
Double Cheesy Jalapeno Bacon QPC Meal,13.95
Cheesy Jalapeno Bacon QPC,12.44
2 Ranch Snack Wrap Chicken Tender Meal,7.25
Southern Style Chicken Meal,6.74
McDouble - Small Meal,3.74
2 Ranch Snack Wrap Grill Meal,7.31
McChicken - Small Meal,3.63
McChicken Meal,6.46
Bacon McDouble Meal,7.26
Big Breakfast,5.75
Big Breakfast with Hotcakes,7.20
Big Breakfast with Muffin and Hotcake,7.95
Hotcakes & Sausage,5.25
Big Breakfast with Bacon and Hotcakes,7.47
Sausage Gravy Biscuit Meal,6.63
Hotcakes Only,3.85
Big Breakfast with Steak and Hotcakes,8.80
Deluxe Breakfast with Muffin,7.57
Sausage Gravy Biscuit,4.24
2 Biscuits and Gravy,5.08
Big Breakfast With Muffin,6.63
2 Sausage Gravy Biscuit - Meal,7.37
HotCakes,4.64
10 Piece Chicken McNuggets® Meal,11.33
4 Piece Buttermilk Crispy Tenders Meal,9.09
Double Cheeseburger - Side Salad Meal,7.23
6 Piece Buttermilk Crispy Tenders Meal,11.89
10 Piece Buttermilk Crispy Tenders Meal,17.48
McDouble - Side Salad Meal,6.59
20 McNuggets - Side Salad Meal,12.03
McChicken - Side Salad Meal,6.54
BigMac Bundle Box,15.96
10 Mcnuggets Meal,8.08
Sausage Egg & Cheese McGriddle - Meal,6.39
Steak Egg & Cheese Bagel - Meal,6.95
20 McNuggets,6.54
Hamburger - Happy Meal,4.76
6 pc. Chicken McNuggets Happy Meal,6.84
4 pc. Chicken McNugget Happy Meal,6.15
6pc Chicken McNuggets Happy Meal,6.75
4 Piece Chicken McNugget - Happy Meal,5.30
Glazed Pull Apart Donut,2.17
McCafé Blueberry Muffin,2.92
Baked Apple Pie,1.09
McCafe Cheese Danish,3.16
3 Pack Of Cookies,2.36
McCafé Apple Fritter,3.01
Apple Pie,1.78
2 Cookies,1.72
McCafé Cinnamon Roll,3.41
2 Pack Muffin Topper,1.69
Cherry & Creme Pie,1.26
Cherry Pie,1.13
Cookies and Creme Pie,2.47
Apple and Cookies and Creme Pie,3.34
1 Cookie,1.23
Strawberry and Crème Pie,1.98
Blueberry and Creme Pie,1.94
Coffee,1.17
Cranberry Orange Muffin,1.98
Medium Decaf Coffee,1.54
Decaffeinated Coffee,0.86
Blueberry Muffin,2.00
Medium Hot Tea,1.50
Medium Iced Coffee,2.29
M Colombian Medium Roast,1.81
Medium Coffee,1.54
Medium Iced Caramel Coffee,2.31
Medium Premium Roast Coffee,1.55
Medium Iced Vanilla Coffee,2.35
Medium Iced French Vanilla Coffee,2.31
French Vanilla Cappuccino,2.01
Medium Premium Hot Chocolate,3.16
Iced Vanilla Coffee,2.37
Medium Nonfat Premium Hot Chocolate,3.15
Nonfat Premium Hot Chocolate,2.27
Nonfat Caramel Hot Chocolate,2.29
Medium Mocha Frappé,3.99
Medium Caramel Frappé,4.00
Cranberry Orange Muffin Bundle,2.46
Chocolate Chip Frappé,2.38
Medium Chocolate Chip Frappé,4.06
Medium Mocha,3.52
Medium Caramel Mocha,3.55
Medium Nonfat Mocha,3.51
Nonfat Caramel Macchiato,2.34
Medium Nonfat Caramel Mocha,3.55
Nonfat Mocha,2.31
Cold Brew Frappé,2.32
Medium Iced Mocha,3.51
Medium Iced Nonfat Mocha,3.50
Nonfat Caramel Mocha,2.33
Iced Nonfat Caramel Macchiato,2.31
Medium Iced Nonfat Caramel Mocha,3.54
Iced Nonfat Mocha,2.34
Medium Strawberry Banana Smoothie,3.67
Iced Nonfat Caramel Mocha,2.35
Medium Mango Pineapple Smoothie,3.67
Medium Nonfat Latte,3.49
Medium Latte,3.49
Medium Caramel Latte,3.53
Medium Cinnamon Cookie Latte,3.38
Cinnamon Cookie Latte,2.45
Nonfat Cinnamon Cookie Latte,2.45
Medium French Vanilla Latte,3.53
Medium Nonfat Cinnamon Cookie Latte,3.38
Medium Iced Cinnamon Cookie Latte,3.37
Medium Nonfat French Vanilla Latte,3.53
Nonfat Latte,2.30
Iced Cinnamon Cookie Latte,2.45
Hot Chocolate,2.06
Medium Iced Latte,3.40
Medium Iced Nonfat Cinnamon Cookie Latte,3.36
Iced Nonfat Cinnamon Cookie Latte,2.46
Medium Non-Fat French Vanilla Latte,3.68
Medium Iced Caramel Latte,3.50
Medium Iced Vanilla Latte,3.49
Medium Iced French Vanilla Latte,3.46
Nonfat French Vanilla Latte,2.33
Medium Iced Nonfat Vanilla Latte,3.50
Medium Nonfat Pumpkin Latte,3.37
Medium Iced Nonfat French Vanilla Latte,3.48
Nonfat Pumpkin Latte,2.26
Medium Cappuccino,3.37
Iced Nonfat French Vanilla Latte,2.33
Medium Non-Fat Cappuccino,3.36
Medium Iced Non-Fat Vanilla Latte,3.68
Nonfat Caramel Latte,2.32
Iced Vanilla Latte,2.36
Medium Vanilla Cappuccino,3.40
Iced Nonfat Vanilla Latte,2.35
Medium Iced Nonfat Pumpkin Latte,3.39
Medium Iced Pumpkin Latte,3.35
Medium Nonfat Vanilla Cappuccino,3.39
Iced Nonfat Pumpkin Latte,2.23
Iced Nonfat Latte,2.37
Nonfat Hazelnut Latte,2.31
Iced Nonfat Caramel Latte,2.34
Nonfat Sugar Free Vanilla Latte,2.34
Non-Fat Cappuccino,2.29
Nonfat Vanilla Cappuccino,2.31
Nonfat Caramel Cappuccino,2.30
Iced Nonfat Hazelnut Latte,2.34
Iced Nonfat Sugar Free Vanilla Latte,2.37
Nonfat Sugarfree Vanilla Cappuccino,2.32
Nonfat Hazelnut Cappuccino,2.29
Iced Pumpkin Coffee,2.51
Premium Roast Coffee,1.64
Peppermint Mocha,2.68
Decaf Coffee,1.57
Iced Peppermint Mocha,2.64
Caramel Macchiato,2.91
Iced Coffee,2.37
Caramel Coffee,1.17
Iced Caramel Macchiato,2.90
Sugar Free Vanilla Cappuccino,3.13
Cappuccino,2.93
Iced Caramel Coffee,2.37
Hazelnut Coffee,1.16
Iced Hazelnut Coffee,2.53
Caramel Cappuccino,2.93
Iced French Vanilla Coffee,2.37
Marble Cold Brew,4.29
French Vanilla Coffee,1.16
Sugarfree French Vanilla Coffee,1.16
Premium Hot Chocolate,2.81
Caramel Hot Chocolate,2.96
Peppermint Hot Chocolate,2.72
Sugar-Free Vanilla Iced Coffee,2.80
OREO Frappé,3.60
Mocha Frappé,3.10
Caramel Frappé,3.09
Hot Tea,1.44
Iced Caramel Mocha,2.99
Mocha,2.88
Decaf Hazelnut Coffee,1.17
Iced Peppermint Coffee,2.26
Caramel Mocha,2.88
Americano,2.73
Pumpkin Latte,3.15
Decaf Caramel Coffee,1.18
Iced Mocha,2.83
Decaf French Vanilla Coffee,1.18
Decaf Sugarfree French Vanilla Coffee,1.18
Latte,2.89
Cold Brew,3.78
Caramel Latte,2.90
French Vanilla Latte,2.90
Sugar Free Vanilla Cappuccino,3.13
Iced Latte,2.85
Iced French Vanilla Latte,3.02
Iced Caramel Latte,2.86
Iced Pumpkin Latte,2.84
Hazelnut Latte,3.07
Sugar Free Vanilla Latte,3.12
Vanilla Cappuccino,2.94
Iced Hazelnut Latte,3.00
Iced Sugar Free Vanilla Latte,3.05
Sugarfree Vanilla Cappuccino,2.97
Hazelnut Cappuccino,2.92
Shamrock Shake,3.18
Chocolate Shake,3.60
Shake,2.79
Snack OREO McFlurry,3.73
Medium Chocolate Shake,3.60
Cookie,0.83
Strawberry Shake,3.59
Medium Strawberry Shake,3.59
Vanilla Shake,3.60
Medium Vanilla Shake,3.59
Minute Maid Strawberry Watermelon Slushie,2.21
Caramel Sundae,3.32
Regular MandM McFlurry,4.70
Snack OREO McFlurry,3.73
Hot Fudge Sundae,3.30
Regular Oreo McFlurry,4.64
Oreo Fudge McFlurry,4.80
Strawberry Sundae,2.14
Pumpkin Pie,1.17
Guava and Creme Pie,1.88
Snack Oreo Shamrock McFlurry,3.30
Minute Maid Tropical Mango Slushie,2.20
Apple and Pumpkin and Creme Pie,3.09
Plain Sundae,3.25
Holiday Pie,1.53
Peanut Butter Crunch McFlurry,5.01
Apple & Holiday Pie,1.80
Oreo McFlurry,3.60
Strawberry Shortcake McFlurry,5.02
Pumpkin and Creme Pie,2.24
4 Piece Chicken McNuggets® Happy Meal®,4.19
40 Nuggets & 4 Med fry with 4 Drinks - Meal,26.85
10Pc Buttermilk Crispy Chicken Tenders & 2 M Fry,13.70
McDonalds Value Pack,20.94
Mickeyd'S Dinner Box,14.14
Bundle Cheeseburger,11.45
Classic Pack Quarter Pounder Cheese,16.94
40 McNuggets & 2 L Fries,19.81
Filet-O-Fish & Filet-O-Fish,5.49
2 Apple Pies,1.82
Medium Fruit Punch Slushie Minute Maid,2.04
Favorites for Two,17.87
Medium Blue Raspberry Slushie Minute Maid,2.01
Medium Frozen Blue Raspberry,1.76
Medium Peach Slushie Minute Maid,2.05
10 Cheeseburgers,11.89
Fruit Punch Slushie Minute Maid,1.71
Blue Raspberry Slushie Minute Maid,1.69
Peach Slushie Minute Maid,1.69
50 MCNUGGETS,13.42
2 Half Strips Bacon,2.27
Round Egg,2.56
Sausage,1.97
Scrambled Eggs,2.39
Hash Browns,2.65
Round Egg,2.56
3 Half Strips Bacon,2.57
Apple Slices,1.01
Jalapenos Sliced,0.52
French Fries,2.72
Basket of Fries,4.64
Oatmeal,3.03
Fruit & Yogurt Parfait,1.69
Hash Brown,1.60
Strawberry Go-Gurt,0.73
Side Salad,2.47
Crispy Jalapeno,0.39
Guacamole,0.85
Grilled Chicken Filet,2.38
6 Donut Sticks,2.16
Medium Coke®,1.38
Medium Diet Coke®,1.40
Minute Maid Orange Juice,2.64
IBC Root Beer,1.50
Sweet Iced Tea,1.41
Dasani Bottled Water,1.95
Diet Coke,1.52
Medium Sprite®,1.39
Coke,1.52
Fanta Orange,1.62
Fanta,1.20
Medium Frozen Coca Cola Classic,1.76
M Fanta Orange,1.38
Medium Dr Pepper®,1.38
Sprite,1.52
Hawaiian Punch,1.40
Medium Frozen Fanta Wild Cherry,1.78
M MIX by Sprite Tropic Berry,1.35
MIX by Sprite Tropic Berry,1.20
Coke Zero,1.66
Southern Style Sweet Tea Lemonade,2.18
Dr Pepper,1.52
Lemonade,2.31
Barq's Root Beer,1.10
Fruit Punch,1.51
Medium Powerade®,1.27
Mello Yello,1.53
Soft Drink,1.57
Frozen Fanta Strawberry,2.19
Light Lemonade,1.64
Medium Root Beer,1.42
Vernors,1.64
Root Beer,1.56
Hi-C Orange,1.61
Milk,1.52
Pure Michigan Mix,2.42
Chocolate Milk,1.54
Fruitopia,1.78
Big Red,1.66
Dasani® Water,1.70
Bottled Orange Juice,2.80
Minute Maid Fruit Punch,1.67
Powerade,1.45
Frozen Hawaiian Punch,2.17
Medium Unsweetened Iced Tea,1.34
Medium Minute Maid® Orange Juice,2.72
Medium Sweet Iced Tea,1.36
Unsweet Iced Tea,1.11
Fanta Strawberry,1.89
Southern Style Sweet Tea,1.59
Frozen Coca Cola Classic,1.89
Unsweetened Iced Tea,1.53
Gallon UnSweet Tea,4.44
Pink Lemonade Slushie Minute Maid,1.85
Medium Frozen Sprite Lymonade,2.50
Diet Dr Pepper,1.50
Frozen Blue Raspberry,1.90
Frozen Dr.Pepper,2.35
Gallon Southern Style Sweet Tea,4.34
Small Southern Style Sweet Tea,1.19
Unsweetened Tea,0.91
Large Southern Style Sweet Tea,1.11
Medium Southern Style Sweet Tea,1.36
Frozen Fanta Wild Cherry,2.26
Braves Frozen Fanta,2.00
Froze Fanta Wild Cherry,1.94
Medium Diet Dr Pepper®,1.26
Strawberry Banana Smoothie,2.98
Mango Pineapple Smoothie,2.98
Unsweetened Tea Lemonade,2.35
Frozen Coca-Cola,2.27
Honest Kids Organic Apple Juice Drink,1.54
Frozen Fanta Blue Raspberry,2.27
Sweet Tea Lemonade,2.40
Pure Michigan Mix,2.42
McCafé® Mocha,2.79
McCafé® Smoothie,2.79
McCafé® Frappé,2.79
McCafé® Iced Mocha,2.79
McCafé® Hot Chocolate,2.77
McCafé® Latte,2.79
McCafé® Iced Latte,2.79
McCafé® Coffee,1.48
McCafé® Decaf Coffee,2.10
McCafé® Iced Coffee,2.78
McCafé® Macchiato,2.79
McCafé® Cappuccino,2.79
McCafé® Americano,2.79
McCafé® Hot Tea,2.10
World Famous Fries®,2.71
Fruit 'n Yogurt Parfait,2.12
Coca-Cola,1.03
1% Low-Fat Milk Jug,1.31
Fat-Free Chocolate Milk Jug,1.30
Iced Tea,1.10
Sweet Tea,1.04
Minute Maid Premium Orange Juice,2.28
Honest Kids' Appley Ever After Organic Juice Drink,1.35
Southwest Salad with Crispy Chicken,6.51
Grilled Chicken Southwest Salad,6.18
Southwest Salad with Grilled Chicken,6.89
Southwest Salad,5.22
Bacon Ranch Salad with Crispy Chicken,6.49
Bacon Ranch Salad with Grilled Chicken,6.50
Bacon Ranch Salad,5.16